{
  "test1": {
    "input_data":
      "q=иорданский+пруд",
    "result": [
      59.99357575,
      30.3362719762346
    ]
  },
  "test2": {
    "input_data": [
      "q=артиллерийский+остров"
    ],
    "result": [
      59.95330165,
      30.314422577473174
    ]
  },
  "test3": {
    "input_data": [
      "q=тортилин+пруд"
    ],
    "result": [
      54.963702049999995,
      20.489817549516772
    ]
  }
}