{
  "test1": {
    "input_data": [
      59.99357575,
      30.3362719762346
    ],
    "result": [
      "q=иорданский+пруд"
    ]
  },
  "test2": {
    "input_data": [
      59.95330165,
      30.314422577473174
    ],
    "result": [
      "q=артиллерийский+остров"
    ]
  },
  "test3": {
    "input_data": [
      54.963702049999995,
      20.489817549516772
    ],
    "result": [
      "q=тортилин+пруд"
      ]
  }
}